key,en,es,zh,tl,vi,ar,fr,ko,ru,pt,ht,hi,de,pl,it,ur,fa,te,ja,gu,bn,ta,pa,th,sh,hy,el,hmn,he,km,nv,ilo,sm,haw,pdc,yi,nl,so,am,sw
bike_quiz,Bike Quiz,Cuestionario de Bicicleta,摩托车测验,Quiz ng Bisikleta,Kiểm tra Xe máy,اختبار الدراجة,Quiz Moto,오토바이 퀴즈,Викторина по мотоциклам,Questionário de Moto,Kesyon Bisiklèt,बाइक क्विज़,Fahrrad-Quiz,Quiz Motocyklowy,Quiz Moto,بائیک کوئز,آزمون دوچرخه,బైక్ క్విజ్,バイククイズ,બાઈક ક્વિઝ,বাইক কুইজ,பைக் வினாத்தாள்,ਬਾਈਕ ਕਵਿਜ਼,แบบทดสอบจักรยาน,Kviz za biciklo,Մոտոցիկլի հարցաշար,Κουίζ Μηχανής,Kev Quiz Tsheb,חידון אופנועים,Quiz Moto,A’oq Quiz,Ka‘oh Bike Quiz,Fahrrad-Quiz,בייק קװיז,Motorfietsquiz,Kowciga Baaskiilka,መኪና ሙከራ,Quiz ya Pikipiki
select_vehicle_type,Select Vehicle Type,Seleccionar tipo de vehículo,选择车辆类型,Piliin ang Uri ng Sasakyan,Chọn loại xe,اختر نوع المركبة,Sélectionner le type de véhicule,차량 유형 선택,Выберите тип транспортного средства,Selecionar tipo de veículo,Chwazi tip machin,वाहन प्रकार चुनें,Fahrzeugtyp auswählen,Wybierz typ pojazdu,Seleziona tipo di veicolo,گاڑی کی قسم منتخب کریں,نوع وسیله نقلیه را انتخاب کنید,వాహన రకం ఎంచుకోండి,車両タイプを選択,વાહન પ્રકાર પસંદ કરો,যানবাহনের ধরন নির্বাচন করুন,வாகன வகையைத் தேர்ந்தெடுக்கவும்,ਵਾਹਨ ਕਿਸਮ ਚੁਣੋ,เลือกประเภทรถ,Odaberite vrstu vozila,Ընտրեք տրանսպորտի տեսակը,Επιλέξτε τύπο οχήματος,Xaiv hom tsheb,בחר סוג רכב,ជ្រើសរើសប្រភេទយានយន្ត,Chʼį́į́ʼ íínííłį́,Pagpili ti kita ti lugan,Filifili Ituaiga Taavale,Kōkua i ka ʻano kaʻa,Pennsylvania Dutch Fahrzēug Typ wähl,וויילן פֿאָרמיטל טיפּ,Kies voertuigtype,Dooro nooca gaari,ተሽከርካሪ አይነት ምረጥ,Chagua aina ya gari
bike,Bike,Bicicleta,自行车,Bisikleta,Xe đạp,دراجة,Vélo,자전거,Велосипед,Bicicleta,Bisiklèt,साइकिल,Fahrrad,Rower,Bicicletta,سائیکل,دوچرخه,బైక్,自転車,સાયકલ,সাইকেল,மோட்டார் சைக்கிள்,ਸਾਈਕਲ,จักรยาน,Bicikl,Հեծանիվ,Ποδήλατο,Tsheb kauj vab,אופניים,កង់,Bike,Bisikleta,Taavale uila,Pākīkī,Radl,בײַסיקל,Kinderfiets,Farad,ብስክሌት,Baiskeli
car,Car,Coche,汽车,Kotse,Ô tô,سيارة,Voiture,자동차,Автомобиль,Carro,Machin,कार,Auto,Samochód,Auto,کار,خودرو,కారు,車,કાર,গাড়ি,கார்,ਕਾਰ,รถยนต์,Automobil,Ավտոմեքենա,Αυτοκίνητο,Tsheb,מכונית,ឡាន,Lugan,Taavale,Kaʻa,Auto,מאָטאָר,Auto,Gaariga,መኪና,Gari
cdl,CDL,Licencia comercial,商用驾照,CDL,Giấy phép lái xe thương mại,رخصة قيادة تجارية,Permis de conduire professionnel,상업 운전 면허,Коммерческие права,Carteira de motorista comercial,CDL,व्यावसायिक ड्राइविंग लाइसेंस,Gewerblicher Führerschein,Prawo jazdy zawodowe,Patente commerciale,کمرشل ڈرائیونگ لائسنس,گواهینامه رانندگی تجاری,వాణిజ్య డ్రైవింగ్ లైసెన్స్,商業運転免許,વાણિજ્યિક ડ્રાઇવિંગ લાઇસન્સ,বাণিজ্যিক ড্রাইভিং লাইসেন্স,வணிக ஓட்டுநர் உரிமம்,ਵਪਾਰਕ ਡਰਾਈਵਿੰਗ ਲਾਇਸੈਂਸ,ใบอนุญาตขับขี่เชิงพาณิชย์,Komercijalna vozačka dozvola,Առևտրային վարորդական իրավունք,Επαγγελματική άδεια οδήγησης,Kev tsav tsheb lag luam,רישיון נהיגה מסחרי,បណ្ណបើកបរអាជីវកម្ម,CDL,CDL,CDL,CDL,CDL,CDL,CDL,CDL,CDL
select_test_type,Select Test Type,Seleccionar tipo de prueba,选择测试类型,Piliin ang Uri ng Pagsusulit,Chọn loại bài kiểm tra,اختر نوع الاختبار,Sélectionner le type de test,테스트 유형 선택,Выберите тип теста,Selecionar tipo de teste,Chwazi tip tès,परीक्षा प्रकार चुनें,Testtyp auswählen,Wybierz typ testu,Seleziona tipo di test,ٹیسٹ کی قسم منتخب کریں,نوع آزمون را انتخاب کنید,పరీక్ష రకం ఎంచుకోండి,テストタイプを選択,પરીક્ષણ પ્રકાર પસંદ કરો,পরীক্ষার ধরন নির্বাচন করুন,சோதனை வகையைத் தேர்ந்தெடுக்கவும்,ਟੈਸਟ ਕਿਸਮ ਚੁਣੋ,เลือกประเภทการทดสอบ,Odaberite vrstu testa,Ընտրեք թեստի տեսակը,Επιλέξτε τύπο δοκιμής,Xaiv hom kev xeem,בחר סוג מבחן,ជ្រើសរើសប្រភេទតេស្ត,Test type,Uri ti Suʻega,ʻAno hoʻāʻo,Testtyp,טעסט טיפּ,Kies testtype,Nooca tijaabo,የፈተና አይነት ምረጥ,Aina ya mtihani
back,← Back,← Atrás,← 返回,← Bumalik,← Quay lại,← رجوع,← Retour,← 뒤로,← Назад,← Voltar,← Retou,← वापस,← Zurück,← Wstecz,← Indietro,← واپس,← برگشت,← వెనక్కి,← 戻る,← પાછા,← ফিরে যান,← பின்செல்,← ਵਾਪਸ,← กลับ,← Nazad,← Վերադառնալ,← Πίσω,← Rov qab,← חזרה,← ត្រឡប់,← Tʼáá shoodí,← Agsaruno,← Toe,← Hoʻi,← Zrugg,← צוריק,← Terug,← Dib u noqo,← ወደ ኋላ,← Nyuma
select_cdl_category,Select CDL Category,Seleccionar categoría de CDL,选择CDL类别,Piliin ang Kategorya ng CDL,Chọn danh mục CDL,اختر فئة CDL,Sélectionner la catégorie du CDL,CDL 카테고리 선택,Выберите категорию CDL,Selecionar categoria CDL,Chwazi kategori CDL,CDL श्रेणी चुनें,CDL-Kategorie auswählen,Wybierz kategorię CDL,Seleziona categoria CDL,CDL زمرہ منتخب کریں,دسته CDL را انتخاب کنید,CDL వర్గం ఎంచుకోండి,CDLのカテゴリを選択,CDL શ્રેણી પસંદ કરો,CDL বিভাগ নির্বাচন করুন,CDL வகையைத் தேர்ந்தெடுக்கவும்,CDL ਸ਼੍ਰੇਣੀ ਚੁਣੋ,เลือกหมวดหมู่ CDL,Odaberite CDL kategoriju,Ընտրեք CDL կարգը,Επιλέξτε κατηγορία CDL,Xaiv pawg CDL,בחר קטגוריית CDL,ជ្រើសរើសប្រភេទ CDL,CDL category,CDL a panag-suʻega,Filifili vaega CDL,Koho i ka māhele CDL,CDL Kategorie,CDL קאַטעגאָריע,Kies CDL-categorie,Dooro qaybta CDL,CDL መደብ ምረጥ,Chagua kundi la CDL
enter_zip_code,Enter ZIP code,Ingrese código postal,输入邮政编码,Ilagay ang ZIP code,Nhập mã ZIP,أدخل الرمز البريدي,Entrez le code postal,우편번호 입력,Введите почтовый индекс,Insira o CEP,Antre kòd postal,ZIP कोड दर्ज करें,Postleitzahl eingeben,Wpisz kod pocztowy,Inserisci CAP,ZIP کوڈ درج کریں,کد پستی را وارد کنید,ZIP కోడ్ నమోదు చేయండి,郵便番号を入力,ZIP કોડ દાખલ કરો,ZIP কোড লিখুন,ZIP குறியீட்டை உள்ளிடவும்,ZIP ਕੋਡ ਦਰਜ ਕਰੋ,กรอกรหัสไปรษณีย์,Unesite poštanski broj,Մուտքագրեք փոստային ծածկագիրը,Εισαγάγετε ταχυδρομικό κώδικα,Sau ZIP,הזן מיקוד,បញ្ចូលលេខប្រៃសណីយ៍,ZIP code,Ibilog ti ZIP,Ulufale ZIP code,E hoʻokomo i ke helu pōsta,Postkoda eińgäh,ZIP קאָד,Voer postcode in,Geli ZIP,የፖስታ ኮድ አስገባ,Ingiza nambari ya posta
search,Search,Buscar,搜索,Maghanap,Tìm kiếm,بحث,Rechercher,검색,Поиск,Pesquisar,Chèche,खोज,Suche,Szukaj,Cerca,تلاش,جستجو,వెతకండి,検索,શોધો,অনুসন্ধান,தேடல்,ਖੋਜ,ค้นหา,Pretraga,Որոնել,Αναζήτηση,Nrhiav,חיפוש,ស្វែងរក,Search,Agsap,Suʻe,Huli,Huche,זוך,Zoeken,Raadi,ፈልግ,Tafuta
no_schools_zip,No driving schools found in this ZIP code.,No se encontraron escuelas de manejo en este código postal.,在此邮政编码中未找到驾校。,Walang natagpuang driving school sa ZIP code na ito.,Không tìm thấy trường lái xe trong mã ZIP này.,لم يتم العثور على مدارس قيادة في هذا الرمز البريدي.,Aucune auto-école trouvée pour ce code postal.,이 우편번호에서 운전 학교를 찾을 수 없습니다.,В этом почтовом индексе автошколы не найдены.,Nenhuma autoescola encontrada neste CEP.,Pa gen lekòl kondwi ki jwenn nan kòd postal sa a.,इस ZIP कोड में कोई ड्राइविंग स्कूल नहीं मिला.,Keine Fahrschule unter dieser Postleitzahl gefunden.,Nie znaleziono szkół jazdy dla tego kodu pocztowego.,Nessuna scuola guida trovata per questo CAP.,اس ZIP کوڈ میں کوئی ڈرائیونگ اسکول نہیں ملا۔,هیچ آموزشگاه رانندگی در این کد پستی پیدا نشد.,ఈ ZIP కోడ్‌లో డ్రైవింగ్ పాఠశాలలు కనబడలేదు.,この郵便番号では教習所が見つかりません。,આ ZIP કોડમાં કોઈ ડ્રાઈવિંગ સ્કૂલ મળી નથી.,এই ZIP কোডে কোনো ড্রাইভিং স্কুল পাওয়া যায়নি.,இந்த ZIP குறியீட்டில் ஓட்டுநர் பள்ளிகள் இல்லை.,ਇਸ ZIP ਕੋਡ ਵਿੱਚ ਕੋਈ ਡ੍ਰਾਈਵਿੰਗ ਸਕੂਲ ਨਹੀਂ ਲੱਭਿਆ.,ไม่พบโรงเรียนสอนขับรถในรหัสไปรษณีย์นี้,Ne postoji auto škola za ovaj poštanski broj.,Այս փոստային կոդով վարորդական դպրոցներ չեն գտնվել.,Δεν βρέθηκαν σχολές οδήγησης για αυτόν τον ταχυδρομικό κώδικα.,Tsis pom ib lub tsev kawm tsav tsheb hauv tus ZIP no.,לא נמצאה בית ספר לנהיגה במיקוד הזה.,សាលាបង្រៀនបើកបរ​មិនមាន​ទេ​ក្នុង​កូដ​ប្រៃសណីយ៍​នេះ។,Doo náádąʼiłʼą́ʼ łééchaaʼí bá hooghan tʼáá íiyisí.,Awan eskuela ti panag-taray ditoy ZIP.,Leai ni aoga ave taavale i lenei ZIP.,ʻAʻoʻoga kalaiwaʻole i kēia helu pōsta.,Kei Schul zum Fohre net gfunn,קיין דרייווינג שולע געפֿונען בײַ דעם ZIP,Geen rijscholen gevonden voor deze postcode.,Wax dugsi wadis ah laga helin koodkan.,በዚህ የፖስታ ኮድ ውስጥ የመንዳት ትምህርት ቤቶች አልተገኙም።,Hakuna shule za udereva zilizopatikana katika hii nambari ya posta.
no_schools,No schools to show.,No hay escuelas para mostrar.,没有可显示的学校。,Walang mga paaralang maipapakita.,Không có trường học để hiển thị.,لا توجد مدارس لعرضها.,Aucune école à afficher.,표시할 학교가 없습니다.,Нет школ для отображения.,Não há escolas para mostrar.,Pa gen lekòl pou montre.,दिखाने के लिए कोई स्कूल नहीं है.,Keine Schulen anzuzeigen.,Brak szkół do wyświetlenia.,Nessuna scuola da mostrare.,دکھانے کے لیے کوئی اسکول نہیں ہے.,هیچ مدرسه‌ای برای نمایش وجود ندارد.,చూపించడానికి పాఠశాలలు లేవు.,表示する学校はありません。,બતાવા માટે કોઈ શાળા નથી.,দেখানোর মতো কোনো স্কুল নেই.,காட்ட பள்ளிகள் இல்லை.,ਦਿਖਾਉਣ ਲਈ ਕੋਈ ਸਕੂਲ ਨਹੀਂ.,ไม่มีโรงเรียนที่จะแสดง,Нема школа за приказ,Ցուցադրելու դպրոցներ չկան.,Δεν υπάρχουν σχολεία προς εμφάνιση.,Tsis muaj tsev kawm ntawv qhia,אין בתי ספר להצגה,មិនមានសាលាដែលត្រូវបង្ហាញទេ,Łeeʼ dineʼé binaaʼ nidoodleeł doo,Awanna eskuela a maipakita,Leai ni aoga e faʻaalia,Nā ʻaʻoaʻo ʻAʻOLE e hōʻike ʻia,Kei Schula gibts net,קיין שולעס צו ווייזן,Geen scholen om te tonen.,Ma jiraan iskuullo la soo bandhigo,ትምህርት ቤት የለም ለማሳየት,Hakuna shule za kuonyesha
general_knowledge,General Knowledge,Conocimientos generales,常识,Karaniwang Kaalaman,Kiến thức chung,معرفة عامة,Connaissances générales,일반 상식,Общие знания,Conhecimentos gerais,Konesans jeneral,सामान्य ज्ञान,Allgemeinwissen,Wiedza ogólna,Conoscenze generali,عمومی معلومات,دانش عمومی,సాధారణ జ్ఞానం,一般知識,સામાન્ય જ્ઞાન,সাধারণ জ্ঞান,பொது அறிவு,ਆਮ ਗਿਆਨ,ความรู้ทั่วไป,Opšta znanja,Ընդհանուր գիտելիքներ,Γενικές γνώσεις,Paub dav,ידע כללי,ចំណេះដឹងទូទៅ,Łeeʼ naaltsoos bá hahoodleeł,Umiso a naem,Atamai lautele,ʻIke maʻamau,Allgemei Wissa,אַלגעמיינע וויסן,Algemene kennis,Aqoonta guud,አጠቃላይ እውቀት,Maarifa ya jumla
combination,Combination,Combinación,组合,Pagsasama,Kết hợp,تركيبة,Combinaison,결합,Комбинация,Combinação,Kombinasyon,संयोजन,Kombination,Kombinacja,Combinazione,امتزاج,ترکیب,కాంబినేషన్,組合,મિલાપ,সমন্বয়,இணைப்பு,ਜੋੜ,การผสม,Kombinacija,Կոմբինացիա,Συνδυασμός,Kev sib xyaw,שילוב,បញ្ចូលគ្នា,Áłtsé,Paagas ti panagsanga,Tuʻufaʻatasiga,Hui pū,Kommbinazjon,קאָמבינאַציע,Combinatie,Isku-darka,ስብስብ,Mchanganyiko
air_brakes,Air Brakes,Frenos de aire,气刹,Air Brakes,Phanh khí nén,فرامل هوائية,Freins à air,공기 브레이크,Пневматические тормоза,Freios a ar,Fren lè,एयर ब्रेक,Luftenbremsen,Hamulce pneumatyczne,Freni ad aria,ایر بریکس,ترمز بادی,ఎయిర్ బ్రేక్‌లు,エアブレーキ,એર બ્રેક્સ,এয়ার ব্রেক,காற்று பிரேக்,ਹਵਾ ਬ੍ਰੇਕ,เบรกอากาศ,Vazdušne kočnice,Օդային արգելակներ,Φρένα αέρος,Kev nres cua,בלמי אוויר,ហ្រ្វាំងខ្យល់,Air brakes,Prēno nga anga,Taofi ea,Eā pāhale,Luftenbrems,לופטן ברעמס,Luchtremmen,Bareegga hawada,አየር ብሬክ,Breki za hewa
hazards,Hazards,Peligros,危险,Mga Panganib,Nguy hiểm,مخاطر,Dangers,위험,Опасности,Perigos,Danje,खतरे,Gefahren,Zagrożenia,Pericoli,خطرات,خطرات,హానీలు,危険,ઝુકાવ,বিপদ,ஆபத்துகள்,ਖਤਰੇ,อันตราย,Opasnosti,Վտանգներ,Κίνδυνοι,Kev phom sij,סיכונים,គ្រោះថ្នាក់,Hazards,Panganib,Faigatā,Pilikia,Gefahrn,סכנות,Gevaar,Khataro,አደጋዎች,Hatari
passenger,Passenger,Pasajero,乘客,Pasahero,Hành khách,راكب,Passager,승객,Пассажир,Passageiro,Pasaje,यात्री,Passagier,Pasażer,Passeggero,مسافر,مسافر,ప్రయాణికుడు,乗客,પ્રવાસી,যাত্রী,பயணி,ਯਾਤਰੀ,ผู้โดยสาร,Putnik,Ուղևոր,Επιβάτης,Neeg caij npav,נוסע,អ្នកដំណើរ,Passenger,Pasahero,Pasese,Kaʻalele,Passaschier,נוסע,Passagier,Rakaab,ተሳፋሪ,Abiria
doubles_triples,Doubles/Triples,Dobles/Triples,双/三挂,Double/Triple,Đôi/Ba,Rجُرّات مزدوجة/ثلاثية,Doubles/Triples,복합 연결,Двойные/тройные прицепы,Duplos/Triplos,Doub/Trip,डबल/ट्रिपल,Doppel/Tripel,Podwójne/Potrójne,Doppi/Tripli,ڈبل/ٹرپل,دوبل/سه‌گانه,డబుల్స్/ట్రిపుల్స్,ダブル/トリプル,ડબલ્સ/ટ્રિપલ્સ,ডাবলস/ট্রিপলস,இரட்டை/மூன்றடுக்கு,ਡਬਲ/ਟ੍ਰਿਪਲ,คู่/สาม,Dupli/Trostruki,Կրկնակի/Եռակի,Διπλά/Τριπλά,Ob txhij/peb npaug,כפול/משולש,ទ្វេ/បី,Double/Triple,Doble/Triple,Fa'alua/Fa'atolu,ʻElua/ʻEkolu,Doppelt/Dreifach,כפל/דרײַפֿאַך,Dubbel/Drievoudig,Labo/Saddex,ድርብ/ሶስት,Maradufu/Matatu
tank,Tank,Tanque,油罐车,Tangke,Xe bồn,خزان,Cuve,탱크,Цистерна,Tanque,Tank,टैंक,Panzer,Zbiornik,Serbatoio,ٹینک,تانک,ట్యాంక్,タンク,ટાંકી,ট্যাঙ্ক,தொட்டி,ਟੈਂਕ,รถบรรทุกถัง,Tank,Տանկ,Δεξαμενή,Thawv,מיכל,ធុង,Tank,Tangki,Ipukukui,Tank,טאַנגק,Tank,Tankiga,ታንክ,Tangki
school_bus,School Bus,Autobús escolar,校车,School Bus,Xe buýt trường học,حافلة مدرسية,Bus scolaire,스쿨버스,Школьный автобус,Ônibus escolar,Otobis lekòl,स्कूल बस,Schulbus,Autobus szkolny,Scuolabus,اسکول بس,اتوبوس مدرسه,పాఠశాల బస్సు,スクールバス,શાળા બસ,স্কুল বাস,பள்ளி பேருந்து,ਸਕੂਲ ਬੱਸ,รถโรงเรียน,Školski autobus,Դպրոցական ավտոբուս,Σχολικό λεωφορείο,Tsheb kawm ntawv,אוטובוס בית ספר,ឡានបូរសាលា,School bus,Bus ti aoga,Ta'avale a'oga,Kahi kaʻa kula,Schuulbus,שול-בוס,Schoolbus,Baas iskuul,የትምህርት ቤት አውቶቡስ,Basi la shule
abs,ABS,ABS,防抱死,ABS,ABS,مانع انزلاق,ABS,ABS,ABS,ABS,ABS,एबीएस,ABS,ABS,ABS,اے بی ایس,ترمز ضدقفل,ఏబీఎస్,ABS,એબીએસ,এবিএস,ABS,ਏਬੀਐਸ,เอบีเอส,ABS,ABS,ABS,ABS,ABS,ABS,ABS,ABS,ABS,ABS,ABS,ABS,ABS,ABS,ABS
car_quiz,Car Quiz,Cuestionario de coche,汽车测验,Car Quiz,Đố ô tô,اختبار السيارة,Quiz voiture,자동차 퀴즈,Авто викторина,Quiz de carro,Quiz machin,कार क्विज़,Auto-Quiz,Quiz samochodowy,Quiz auto,کار کوئز,مسابقه ماشین,కారు క్విజ్,車のクイズ,કાર ક્વિઝ,গাড়ি কুইজ,கார் வினாடி வினா,ਕਾਰ ਕਵਿਜ਼,แบบทดสอบรถยนต์,Kviz o automobilu,Ավտոմեքենայի վիկտորինա,Κουίζ αυτοκινήτου,Kev nug txog tsheb,חידון רכב,ការល្បួងឡាន,Car quiz,Kuis kar,Su'ega ta'avale,Kuʻikahi kaʻa,Auto-Kwis,דאָס אויטאָ קוויז,Autokwis,Imtixaanka baabuurta,የመኪና መጠይቅ,Udhibiti gari
quiz_completed,Quiz Completed!,¡Cuestionario completado!,测验完成！,Tapos na ang Pagsusulit!,Hoàn thành bài kiểm tra!,اكتمل الاختبار!,Quiz terminé !,퀴즈 완료!,Викторина завершена!,Quiz concluído!,Quiz fini!,क्विज़ पूर्ण!,Quiz abgeschlossen!,Quiz zakończony!,Quiz completato!,کوئز مکمل!,آزمون تکمیل شد!,క్విజ్ పూర్తయింది!,クイズ完了！,ક્વિઝ પૂર્ણ!,কুইজ সম্পন্ন!,வினாடி வினா முடிந்தது!,ਕਵਿਜ਼ ਮੁਕੰਮਲ!,แบบทดสอบเสร็จสิ้น!,Kviz završen!,Վիկտորինան ավարտվեց!,Το κουίζ ολοκληρώθηκε!,Kev xeem tiav!,החידון הושלם!,ការល្បួងបានបញ្ចប់!,Kʼoodiʼ níʼńtsikʼeh!,Nakompleto ti kuis!,Ua maeʻa le kuisi!,Ua pau ka kuʻikahi!,Kwis feddich,קװיז פאַרענדיקט!,Quiz voltooid!,Kuwa dhammaystiran!,ክዊዝ ተጠናቀቀ!,Jaribio limekamilika!
score,Score,Puntuación,得分,Iskor,Điểm số,نتيجة,Score,점수,Очки,Pontuação,Nòt,स्कोर,Punktzahl,Wynik,Punteggio,اسکور,امتیاز,స్కోర్,スコア,સ્કોર,স্কোর,மதிப்பெண்,ਅੰਕ,คะแนน,Rezultat,Միավոր,Βαθμολογία,Qhab nia,ציון,ពិន្ទុ,Naʼídííłʼį́,Puntos,Togi,Koena,Score,סקאָר,Score,Boqor,ነጥብ,Alama
restart_quiz,Restart Quiz,Reiniciar cuestionario,重新开始测验,Magsimulang muli ang Quiz,Khởi động lại bài kiểm tra,إعادة تشغيل الاختبار,Redémarrer le quiz,퀴즈 다시 시작,Перезапустить викторину,Reiniciar quiz,Rekòmanse quiz,क्विज़ पुनः प्रारंभ करें,Quiz neu starten,Uruchom quiz ponownie,Riavvia quiz,کوئز دوبارہ شروع کریں,بازآغاز آزمون,క్విజ్ రీస్టార్ట్ చేయండి,クイズを再開,ક્વિઝ ફરી શરૂ કરો,কুইজ পুনরায় শুরু করুন,வினாடி வினாவை மறுதொடக்கம் செய்க,ਕਵਿਜ਼ ਮੁੜ ਸ਼ੁਰੂ ਕਰੋ,เริ่มแบบทดสอบใหม่,Restartuj kviz,Վիկտորինան վերամեկնարկեք,Επανεκκίνηση κουίζ,Pib dua qhov kev xeem,הפעל מחדש חידון,ចាប់ផ្តើមវិញការល្បួង,Mąʼii nááshtʼį́,Restart iti kuis,Toe amata le kuisi,Hoʻomaka hou ka kuʻikahi,Neustart Quiz,ריסטאַרט קװיז,Quiz herstarten,Bilaab kuis,ክዊዝ እንደገና ጀምር,Anzisha tena jaribio
next_question,Next Question,Siguiente pregunta,下一题,Susunod na Tanong,Câu hỏi tiếp theo,السؤال التالي,Question suivante,다음 질문,Следующий вопрос,Próxima pergunta,Pwochen kesyon,अगला प्रश्न,Nächste Frage,Następne pytanie,Prossima domanda,اگلا سوال,سؤال بعدی,తదుపరి ప్రశ్న,次の質問,આગલો પ્રશ્ન,পরবর্তী প্রশ্ন,அடுத்த கேள்வி,ਅਗਲਾ ਪ੍ਰਸ਼ਨ,คำถามถัดไป,Sledeće pitanje,Հաջորդ հարցը,Επόμενη ερώτηση,Lus nram qab lo lus nug,שאלה הבאה,សំណួរបន្ទាប់,Ííʼíníísh,Sumaruno a salud,Fesili aʻe,ʻĒ aʻe nīnau,Nächschti Frog,נעקסטע פֿראַגע,Volgende vraag,Suʼaasha xigta,ቀጣይ ጥያቄ,Swali linalofuata
finish_quiz,Finish Quiz,Finalizar cuestionario,完成测验,Tapusin ang Quiz,Hoàn thành bài kiểm tra,إنهاء الاختبار,Terminer le quiz,퀴즈 완료,Завершить викторину,Concluir quiz,Fini quiz,क्विज़ समाप्त करें,Quiz beenden,Zakończ quiz,Termina il quiz,کوئز ختم کریں,پایان آزمون,క్విజ్ ముగించండి,クイズを終了,ક્વિઝ પૂર્ણ કરો,কুইজ শেষ করুন,வினாடி வினாவை முடிக்கவும்,ਕਵਿਜ਼ ਖਤਮ ਕਰੋ,จบแบบทดสอบ,Završi kviz,Ավարտել վիկտորինան,Ολοκλήρωση κουίζ,Xaus qhov kev xeem,סיים חידון,បញ្ចប់ការល្បួង,Kʼaashtʼį́,Tapusin ti kuis,Faʻauma le kuisi,Pau ka kuʻikahi,Quiz feddich mache,סיים קװיז,Beëindig quiz,Dhammee kuis,ክዊዝ ጨርስ,Maliza jaribio
close_restart,Close / Restart,Cerrar / Reiniciar,关闭 / 重新启动,Isara / Magsimulang muli,Đóng / Khởi động lại,إغلاق / إعادة تشغيل,Fermer / Redémarrer,닫기 / 다시 시작,Закрыть / Перезапустить,Fechar / Reiniciar,Fèmen / Rekòmanse,बंद करें / पुनः प्रारंभ करें,Schließen / Neustarten,Zamknij / Uruchom ponownie,Chiudi / Riavvia,بند کریں / دوبارہ شروع کریں,بستن / راه‌اندازی مجدد,మూసివేయి / మళ్లీ ప్రారంభించు,閉じる / 再起動,બંધ કરો / ફરી શરૂ કરો,বন্ধ করুন / পুনরায় শুরু করুন,மூடு / மறுதொடக்கம்,ਬੰਦ ਕਰੋ / ਮੁੜ ਸ਼ੁਰੂ ਕਰੋ,ปิด / เริ่มใหม่,Zatvori / Restartuj,Փակել / Վերամեկնարկել,Κλείσιμο / Επανεκκίνηση,Kaw / Pib dua,סגור / הפעל מחדש,បិទ / ចាប់ផ្តើមវិញ,Níʼníʼá / Nááshtʼį́,Isara / Restart,Tapuni / Toe amata,Pani / Hoʻomaka hou,Zumache / Nei aafange,פארשלעס / ריסטאַרט,Sluiten / Herstart,Xir / Dib u bilow,ዝጋ / እንደገና ጀምር,Funga / Anza upya
q_red_light,What does a red traffic light mean?,¿Qué significa un semáforo en rojo?,红灯表示什么？,Ano ang ibig sabihin ng pulang ilaw sa trapiko?,Đèn giao thông đỏ nghĩa là gì?,ماذا يعني الضوء الأحمر في الإشارة؟,Que signifie un feu rouge ?,빨간 신호는 무엇을 의미합니까?,Что означает красный сигнал светофора?,O que significa o sinal vermelho?,Ki sa yon limyè wouj trafik vle di?,लाल ट्रैफिक लाइट का क्या अर्थ है?,Was bedeutet eine rote Ampel?,Co oznacza czerwone światło?,Cosa significa un semaforo rosso?,سرخ بتی کا کیا مطلب ہے؟,چراغ قرمز یعنی چه؟,ఎరుపు ట్రాఫిక్ లైట్ అంటే ఏమిటి?,赤信号は何を意味しますか？,લાલ ટ્રાફિક લાઇટ શું અર્થ કરે છે?,লাল ট্রাফিক লাইট কী বোঝায়?,சிகப்பு போக்குவரத்து விளக்கு என்ன அர்த்தம்?,ਲਾਲ ਟ੍ਰੈਫਿਕ ਲਾਈਟ ਦਾ ਕੀ ਮਤਲਬ ਹੈ?,สัญญาณไฟแดงหมายความว่าอะไร?,Šta znači crveno svetlo?,Կարմիր լուսացույցը ինչ է նշանակում?,Τι σημαίνει κόκκινο φανάρι;,Lub teeb liab txhais li cas?,מה פירוש רמזור אדום?,ភ្លើងចរាចរណ៍ពណ៌ក្រហមមានន័យដូចម្តេច?,Dííłchíʼí chʼíhoołʼį́ʼ shí níʼníł?,Ania ti lampara a nalabbaga?,O le ā le uiga o le moli mumu?,He aha ka manaʻo o ke kukui ʻulaʻula?,Was meent en roti Lemp?,וואָס מיינט אַ רויט ליכט?,Wat betekent rood licht?,Maxay ka dhigan tahay nalka cas?,ቀይ መብራት ምን ይመስላል?,Je! Taa nyekundu inamaanisha nini?
opt_stop,Stop,Alto,停止,Huminto,Dừng lại,قف,Arrêt,정지,Стоп,Parar,Sispann,रुको,Stopp,Stop,Zi,روکیں,ایست,ఆపు,停止,થોભો,থামুন,நிறுத்து,ਰੁੱਕੋ,หยุด,Stani,Կանգ,Στοπ,Tseg,עצור,បឋម,Tsʼidiiʼ,Para,Taofi,ʻStop,Halte,סטאָפּ,Stop,Joogso,አቁም,Simama
opt_go,Go,Continuar,前进,Humayo,Đi,اذهب,Aller,가다,Идти,Ir,Ale,जाओ,Gehen,Idź,Vai,جاؤ,برو,వెళ్ళు,進む,જાઓ,যাও,செல்,ਜਾਓ,ไป,Idi,Գնա,Πήγαινε,Mus,לך,ទៅ,Hił,Umay,Alu,Hele,Gei,גיי,Ga,Tag,ሂድ,Nenda
opt_slow_down,Slow Down,Reducir la velocidad,减速,Bagalan,Giảm tốc,خفف السرعة,Ralentir,감속,Снизить скорость,Desacelerar,Ralanti,गति कम करें,Langsamer,Zwolnij,Rallentare,رفتار کم کریں,آهسته برو,నెమ్మదించు,減速する,ધીમે કરો,গতি কমাও,மெதுவாக,ਧੀਮੇ ਹੋਵੋ,ชะลอ,Uspori,Դանդաղիր,Επιβράδυνση,Ua qeeb,להאט,បន្ថយល្បឿន,Shigh,Pakdakkelen,Faʻagesegese,Hōʽemi,Weniger schnell,ביסלעכער,Langzamer,Gaabi,ዝቅ አድርግ,Punguza mwendo
opt_yield,Yield,Ceda el paso,让行,Magbigay-daan,Nhường đường,أفسح الطريق,Cédez,양보,Уступить,Conceder passagem,Ba wout,रास्ता दें,Vorfahrt gewähren,Ustąp,Precedenza,راستہ دو,حق تقدم بده,దారి ఇవ్వు,譲る,માર્ગ આપો,পথ দিন,வழி விடுங்கள்,ਰਸਤਾ ਦਿਓ,ให้ทาง,Daj prednost,Տուր ճանապարհը,Προτεραιότητα,Muab kev,תן זכות קדימה,អនុញ្ញាតឱ្យប៉ះ,Alʼąął,Idan ti dalan,Tuʻu atu,ʻAe i ke ala,Gib Weg,געבן וועג,Geef voorrang,Sii marin,መንገድ ስጥ,Toa haki ya njia
q_turn_signals,When should you use your turn signals?,¿Cuándo debes usar tus señales de giro?,什么时候应该使用转向灯？,Kailan mo dapat gamitin ang signal mo?,Khi nào nên dùng tín hiệu rẽ?,متى يجب استخدام إشارات الانعطاف؟,Quand devez-vous utiliser vos clignotants ?,언제 방향지시등을 사용해야 합니까?,Когда следует использовать поворотники?,Quando você deve usar as setas?,Kilè w ap itilize siy vire?,आपको टर्न सिग्नल कब इस्तेमाल करना चाहिए?,Wann sollten Sie blinken?,Kiedy używać kierunkowskazów?,Quando dovresti usare le frecce?,کب آپ کو ٹرن سگنل استعمال کرنا چاہئے؟,چه زمانی از چراغ راهنما استفاده کنیم؟,మీరు ఎప్పుడు టర్న్ సిగ్నల్స్ ఉపయోగించాలి?,いつ方向指示器を使うべきですか？,તમે ક્યારે ટર્ન સિગ્નલનો ઉપયોગ કરવો જોઈએ?,কখন টার্ন সিগন্যাল ব্যবহার করবেন?,நீங்கள் எப்போது திருப்பு சிக்னல்களைப் பயன்படுத்த வேண்டும்?,ਤੁਸੀਂ ਟਰਨ ਸਿਗਨਲ ਕਦੋਂ ਵਰਤਣੇ ਹਨ?,ควรใช้สัญญาณไฟเลี้ยวเมื่อใด?,Kada treba koristiti žmigavce?,Երբ պետք է օգտագործել շրջադարձային ազդանշանները?,Πότε πρέπει να χρησιμοποιείτε φλας;,Thaum twg siv teeb tig?,מתי להשתמש באיתות?,ពេលណាទើបប្រើសញ្ញាចង្កៀង?,Haʼátʼíígo íiłʼíníísh tʼáá?,Kaano a usar ti senyal,Afāfea e fa'aoga ai fa'ailo?,Āhea e hoʻohana ai i ke kukui huli?,Wänn sollscht du blénke?,ווען דאַרף מען ניצן בלינקער?,Wanneer richtingaanwijzers gebruiken?,Goorma ayaad isticmaashaa yiirid?,መቼ ነው መሽከርከር ምልክት የሚጠቀሙበት?,Ni lini utumie viashiria vya kugeuza?
opt_every_turn,Every turn,Cada giro,每次转弯,Bawat liko,Mỗi lần rẽ,كل منعطف,Chaque virage,매번 회전,Каждый поворот,Cada curva,Chak tou,हर मोड़,Jede Kurve,Każdy zakręt,Ogni svolta,ہر موڑ,هر پیچ,ప్రతి మలుపు,毎回の曲がり,દરેક વળાંક,প্রতি মোড়ে,ஒவ்வொரு திருப்பமும்,ਹਰ ਮੋੜ,ทุกทางเลี้ยว,Svaki skret,Յուրաքանչյուր շրջադարձ,Κάθε στροφή,Txhua kev tig,כל פנייה,រាល់ការ​បត់,Dooleʼgóó,Tuwing liko,Toso taʻi,ʻO kēlā me kēia huli,Jeder Krou,יעדע קערוו,Elke bocht,Waqti kasta u leexo,እያንዳንዱ መሽከርከር,Kwa kila mgeuko
opt_only_at_night,Only at night,Solo por la noche,只在夜间,Sa gabi lamang,Chỉ vào ban đêm,فقط ليلاً,Seulement la nuit,밤에만,Только ночью,Apenas à noite,Sèlman lannwit,केवल रात में,Nur nachts,Tylko w nocy,Solo di notte,صرف رات کو,فقط شب‌ها,రాత్రి మాత్రమే,夜だけ,માત્ર રાત્રે,শুধু রাতে,இரவில் மட்டுமே,ਸਿਰਫ਼ ਰਾਤ ਨੂੰ,เฉพาะเวลากลางคืน,Samo noću,Միայն գիշերը,Μόνο τη νύχτα,Tsuas thaum hmo ntuj,רק בלילה,តែពេលយប់,Shił bééhózin,Ti rabii laeng,Na le pō,E pō wale nō,Nor nachts,נאָר בײַ נאַכט,Alleen ’s nachts,Kaliya habeenkii,በሌሊት ብቻ,Usiku tu
opt_only_on_highways,Only on highways,Solo en autopistas,仅在高速公路上,Sa mga highway lamang,Chỉ trên đường cao tốc,فقط على الطرق السريعة,Uniquement sur autoroutes,고속도로에서만,Только на автомагистралях,Apenas em rodovias,Sèlman sou gran wout,केवल राजमार्गों पर,Nur auf Autobahnen,Tylko na autostradach,Solo in autostrada,صرف ہائی ویز پر,فقط بزرگراه‌ها,హైవేలో మాత్రమే,高速道路のみ,માત્ર હાઇવે પર,শুধু মহাসড়কে,அதிவேக சாலைகளில் மட்டுமே,ਕੇਵਲ ਹਾਈਵੇਅ ਤੇ,เฉพาะทางหลวงเท่านั้น,Samo na autoputu,Միայն մայրուղիներում,Μόνο σε αυτοκινητόδρομους,Tsuas ntawm txoj kev loj,רק בכבישים מהירים,សុទ្ធតែផ្លូវល្បឿនលឿនលើកទឹកចិត្ត,Highways bilagaʼ,Iti dalan a dakkel,Na alatele,Ma ke alanui nui wale nō,Nor uff de Autobahn,נאָר אויפֿן אַוטאָבאַן,Alleen op snelwegen,Kaliya wadooyinka waaweyn,በአውቶቡስ መንገድ ብቻ,Barabara kuu tu
opt_never,Never,Nunca,从不,Huwag kailanman,Không bao giờ,أبداً,Jamais,절대,Никогда,Nunca,Pajanm,कभी नहीं,Niemals,Nigdy,mai,کبھی نہیں,هرگز,ఎప్పుడూ కాదు,決して,ક્યારેય નહીં,কখনও না,ஒருபோதும் இல்லை,ਕਦੇ ਨਹੀਂ,ไม่เคย,Nikad,Երբեք,Ποτέ,Tsis tau,אף פעם לא,មិនដែល,Dooleʼda,Di metten,Leai lava,ʻAʻole loa,Nie,קיינמאָל,Nooit,Marnaba,በፍጹም አይደለም,Kamwe
q_school_zone_speed,What is the speed limit in a school zone?,¿Cuál es el límite de velocidad en una zona escolar?,学校区域的限速是多少？,Ano ang speed limit sa school zone?,Giới hạn tốc độ trong khu vực trường học là gì?,ما هو الحد الأقصى للسرعة في منطقة المدرسة؟,Quelle est la limite de vitesse dans une zone scolaire ?,학교 구역의 제한 속도는 무엇입니까?,Каково ограничение скорости в школьной зоне?,Qual é o limite de velocidade em uma zona escolar?,Ki limit vitès nan zòn lekòl la?,स्कूल क्षेत्र में गति सीमा क्या है?,Wie hoch ist die Geschwindigkeitsbegrenzung in einer Schulzone?,Jaki jest limit prędkości w strefie szkolnej?,Qual è il limite di velocità in una zona scolastica?,اسکول زون میں اسپیڈ لمٹ کیا ہے؟,حد مجاز سرعت در محدوده مدرسه چقدر است؟,పాఠశాల ప్రాంతంలో వేగ పరిమితి ఎంత?,スクールゾーンの制限速度は何ですか？,સ્કૂલ ઝોનમાં સ્પીડ લિમિટ શું છે?,স্কুল অঞ্চলে গতি সীমা কত?,பள்ளி பகுதியில் வேக எல்லை என்ன?,ਸਕੂਲ ਜ਼ੋਨ ਵਿਚ ਗਤੀ ਸੀਮਾ ਕੀ ਹੈ?,เขตโรงเรียนจำกัดความเร็วเท่าไหร่?,Koje je ograničenje brzine u školskoj zoni?,Ինչ է արագության սահմանափակումը դպրոցական տարածքում?,Ποιο είναι το όριο ταχύτητας σε σχολική ζώνη;,Xeev ceev li cas hauv cheeb tsam tsev kawm ntawv?,מהו המהירות המותרת באזור בית ספר?,កំណត់ល្បឿននៅតំបន់សាលារៀនជាអ្វី?,Speed limit beeʼaz school,Ania ti pateg ti pagdalias,Le ā le tapulaʻa saoasaoa i le vaega aoga?,He aha ka palena wikiwiki i ke kahua kula?,Wieviel isch d Gschwindigkait?,וואָס איז דער שנעלקייט־גרענעץ אין אַ שול־געגנט?,Wat is de snelheidslimiet in een schoolzone?,Xadka xawaaraha ee aagga iskuulka waa maxay?,የትምህርት ቤት አካባቢ ውስጥ የፍጥነት ገደብ ስንት ነው?,Kiwango cha kasi katika eneo la shule ni kipi?
opt_15mph,15 mph,15 mph,15 英里/小时,15 mph,15 mph,15 ميل/ساعة,15 mph,시속 15마일,15 миль/ч,15 mph,15 mph,15 mph,15 mph,15 mph,15 mph,15 میل فی گھنٹہ,۱۵ مایل در ساعت,15 mph,時速15マイル,15 માઇલ/કલા,১৫ মাইল/ঘন্টা,15 மைல்/மணி,15 ਮੀਲ/ਘੰਟਾ,15 ไมล์/ชม.,15 mph,15 mph,15 mph,15 mph,15 mph,15 mph,15 mph,15 mph,15 mph,15 mph,15 mph,15 mph,15 mph,15 mph
opt_25mph,25 mph,25 mph,25 英里/小时,25 mph,25 mph,25 ميل/ساعة,25 mph,시속 25마일,25 миль/ч,25 mph,25 mph,25 mph,25 mph,25 mph,25 mph,25 میل فی گھنٹہ,۲۵ مایل در ساعت,25 mph,時速25マイル,25 માઇલ/કલા,২৫ মাইল/ঘন্টা,25 மைல்/மணி,25 ਮੀਲ/ਘੰਟਾ,25 ไมล์/ชม.,25 mph,25 mph,25 mph,25 mph,25 mph,25 mph,25 mph,25 mph,25 mph,25 mph,25 mph,25 mph,25 mph,25 mph
opt_35mph,35 mph,35 mph,35 英里/小时,35 mph,35 mph,35 ميل/ساعة,35 mph,시속 35마일,35 миль/ч,35 mph,35 mph,35 mph,35 mph,35 mph,35 mph,35 میل فی گھنٹہ,۳۵ مایل در ساعت,35 mph,時速35マイル,35 માઇલ/કલા,৩৫ মাইল/ঘন্টা,35 மைல்/மணி,35 ਮੀਲ/ਘੰਟਾ,35 ไมล์/ชม.,35 mph,35 mph,35 mph,35 mph,35 mph,35 mph,35 mph,35 mph,35 mph,35 mph,35 mph,35 mph,35 mph,35 mph
opt_45mph,45 mph,45 mph,45 英里/小时,45 mph,45 mph,45 ميل/ساعة,45 mph,시속 45마일,45 миль/ч,45 mph,45 mph,45 mph,45 mph,45 mph,45 mph,45 میل فی گھنٹہ,۴۵ مایل در ساعت,45 mph,時速45マイル,45 માઇલ/કલા,৪৫ মাইল/ঘন্টা,45 மைல்/மணி,45 ਮੀਲ/ਘੰਟਾ,45 ไมล์/ชม.,45 mph,45 mph,45 mph,45 mph,45 mph,45 mph,45 mph,45 mph,45 mph,45 mph,45 mph,45 mph,45 mph,45 mph
enter_zip,Enter ZIP code,Ingrese código postal,输入邮政编码,Ilagay ang ZIP code,Nhập mã ZIP,أدخل الرمز البريدي,Entrez le code postal,우편번호 입력,Введите почтовый индекс,Insira o CEP,Antre kòd postal,ZIP कोड दर्ज करें,Postleitzahl eingeben,Wpisz kod pocztowy,Inserisci CAP,ZIP کوڈ درج کریں,کد پستی را وارد کنید,ZIP కోడ్ నమోదు చేయండి,郵便番号を入力,ZIP કોડ દાખલ કરો,ZIP কোড লিখুন,ZIP குறியீட்டை உள்ளிடவும்,ZIP ਕੋਡ ਦਰਜ ਕਰੋ,กรอกรหัสไปรษณีย์,Unesite poštanski broj,Մուտքագրեք փոստային ծածկագիրը,Εισαγάγετε ταχυδρομικό κώδικα,Sau ZIP,הזן מיקוד,បញ្ចូលលេខប្រៃសណីយ៍,ZIP code,Isurat ti ZIP,Ulufale ZIP code,E hoʻokomo i ke helu pōsta,Postkoda eińgäh,ZIP קאָד,Voer postcode in,Geli ZIP,የፖስታ ኮድ አስገባ,Ingiza nambari ya posta
take_course,Take Course,Tomar curso,参加课程,Mag-ennrol sa Kurso,Tham gia khóa học,خذ الدورة,Suivre le cours,과정 수강,Пройти курс,Fazer curso,Pran kou,कोर्स लें,Kurs machen,Weź kurs,Segui il corso,کورس کریں,دوره را بگذرانید,కోర్సు చేయండి,コースを受講,કોર્સ લો,কোর্স করুন,பாடநெறி எடுக்கவும்,ਕੋਰਸ ਕਰੋ,เข้าร่วมหลักสูตร,Pohađaj kurs,Վերցրեք դասը,Παρακολουθήστε μάθημα,Noj kawm,לקחת קורס,ចូលរួមវគ្គសិក្សា,Łáʼąąʼ átʼé,Agawid iti kurso,Auai i le kosi,Lawe i ke papa,Maach en Kurs,נעמען אַ קורס,Volg cursus,Qaado koorso,ኮርስ አካል ሁን,Chukua kozi
start_test,Start Test,Iniciar prueba,开始测试,Simulan ang Pagsusulit,Bắt đầu kiểm tra,ابدأ الاختبار,Démarrer le test,테스트 시작,Начать тест,Iniciar teste,Kòmanse tès,परीक्षा शुरू करें,Test starten,Rozpocznij test,Avvia test,ٹیسٹ شروع کریں,شروع آزمون,పరీక్ష ప్రారంభించండి,テスト開始,ટેસ્ટ શરૂ કરો,পরীক্ষা শুরু করুন,சோதனையைத் தொடங்கவும்,ਟੈਸਟ ਸ਼ੁਰੂ ਕਰੋ,เริ่มการทดสอบ,Započnite test,Սկսեք թեստը,Ξεκινήστε το τεστ,Pib qhov kev xeem,התחל מבחן,ចាប់ផ្តើមការប្រឡង,Test doo,Simulan ti Suʻega,Amata Suʻega,E hoʻomaka i ka hoʻāʻo,Test aa,טעס אָנהייבן,Test starten,Bilaab tijaabo,ፈተና ጀምር,Anza mtihani
driving_schools,Driving Schools,Escuelas de manejo,驾校,Mga Paaralan sa Pagmamaneho,Trường dạy lái xe,مدارس تعليم القيادة,Auto-écoles,운전 학원,Автошколы,Autoescolas,Lekòl kondwi,ड्राइविंग स्कूल,Fahrschulen,Szkoły jazdy,Scuole guida,ڈرائیونگ اسکولز,آموزشگاه‌های رانندگی,డ్రైవింగ్ పాఠశాలలు,自動車学校,ડ્રાઇવિંગ સ્કૂલો,ড্রাইভিং স্কুল,ஓட்டுநர் பள்ளிகள்,ਡ੍ਰਾਈਵਿੰਗ ਸਕੂਲ,โรงเรียนสอนขับรถ,Škole vožnje,Վարորդական դպրոցներ,Σχολές οδήγησης,Tsev kawm tsav tsheb,בתי ספר לנהיגה,សាលាបង្រៀនបើកបរ,Naaltsoos bíłíí,Eskuela ti panagmaneho,Aʻoga ave taavale,Nā kula kalaiwa,Fahrschula,דרייווינג שולעס,Rijscholen,Iskuullo darawalnimo,የመንኮራኩር ትምህርት ቤቶች,Shule za udereva
settings,Settings,Configuración,设置,Mga Setting,Cài đặt,الإعدادات,Paramètres,설정,Настройки,Configurações,Anviwònman,सेटिंग्स,Einstellungen,Ustawienia,Impostazioni,سیٹنگز,تنظیمات,సెట్టింగ్స్,設定,સેટિંગ્સ,সেটিংস,அமைப்புகள்,ਸੈਟਿੰਗਾਂ,การตั้งค่า,Podešavanja,Կարգավորումներ,Ρυθμίσεις,Chaw kev teeb,הגדרות,ការកំណត់,Áłchíínígíí,Isasaad,Seti,Nā hoʻonohonoho,Einstellunge,האַגלייכונגען,Instellingen,Dejinta,ቅንብሮች,Mipangilio
drivers_handbook,Driver's Handbook,Manual del conductor,驾驶手册,Manwal ng Drayber,Sổ tay tài xế,كتيب السائق,Guide du conducteur,운전자 안내서,Руководство водителя,Manual do motorista,Manyèl chofè,ड्राइवर हैंडबुक,Fahrerhandbuch,Podręcznik kierowcy,Manuale del conducente,ڈرائیورز ہینڈبک,دفترچه راهنمای راننده,డ్రైవర్ హ్యాండ్‌బుక్,運転者ハンドブック,ડ્રાઇવર હેન્ડબુક,ড্রাইভার হ্যান্ডবুক,ஓட்டுநர் கைதிட்டம்,ਡਰਾਈਵਰ ਹੈਂਡਬੁਕ,คู่มือผู้ขับขี่,Priručnik vozača,Վարորդի ձեռնարկ,Εγχειρίδιο οδηγού,Phau ntawv qhia tsav tsheb,מדריך נהג,សៀវភៅណែនាំអ្នកបើកបរ,Naaltsoos tʼáá ajiłí,Manwal ng drayber,Taʻiala Avetaʻavale,Kaʻa Handbook,Kā Fahrerhandbuch,דרייווער מאַנואַל,Handleiding voor bestuurders,Hagaha darawalka,የአሽከርካሪ መመሪያ,Mwongozo wa dereva
traffic_signs,Traffic Signs,Señales de tráfico,交通标志,Mga Palatandaan sa Trapiko,Biển báo giao thông,إشارات المرور,Panneaux de signalisation,교통 표지판,Дорожные знаки,Sinais de trânsito,Siy trafik,यातायात संकेत,Verkehrszeichen,Znaki drogowe,Segnali stradali,ٹریفک سائنز,علائم راهنمایی و رانندگی,రహదారి సూచికలు,交通標識,ટ્રાફિક ચિહ્નો,ট্রাফিক চিহ্ন,போக்குவரத்து அடையாளங்கள்,ਟ੍ਰਾਫਿਕ ਨਿਸ਼ਾਨ,ป้ายจราจร,Saobraćajni znakovi,Ճանապարհային նշաններ,Σήματα κυκλοφορίας,Cim kev tsheb,תמרורים,សញ្ញាចរាចរណ៍,Naʼídííʼ,Tanda ti trapiko,Faʻailoga feʻaveaʻi,Nā hōʻailona kaʻa,Verkéierszeiche,תּנאָים,Verkeersborden,Calaamadaha wadooyinka,የትራፊክ ምልክቶች,Alama za barabara
favorite,Favorite,Favorito,收藏,Favorite,Pưa thích,مفضل,Favori,즐겨찾기,Избранное,Favorito,Favori,पसंदीदा,Favorit,Ulubione,Preferito,پسندیدہ,مورد علاقه,ఇష్టమైనది,お気に入り,મનપસંદ,প্রিয়,பிடித்த,ਪਸੰਦੀਦਾ,รายการโปรด,Omiljeno,Սիրելի,Αγαπημένο,Nyiam tshaj,מועדף,ចំណូលចិត្ត,Shí naaltsoos,Ay-ayaten,Faʻauo,Koʻikoʻi,Liebling,מיין ליבלעך,Favoriet,Ma jeclaan,ተወዳጅ,Kinachopendwa
faqs,FAQs,Preguntas frecuentes,常见问题,FAQs,Câu hỏi thường gặp,الأسئلة الشائعة,FAQ,자주 묻는 질문,ЧаВо,Perguntas frequentes,Kesyon yo poze souvan,अक्सर पूछे जाने वाले प्रश्न,FAQ,FAQ,Domande frequenti,عمومی سوالات,سؤالات متداول,తరచుగా అడిగే ప్రశ్నలు,よくある質問,વારંવાર પૂછાતા પ્રશ્નો,প্রায়শই জিজ্ঞাসিত প্রশ্ন,அடிக்கடி கேட்கப்படும் கேள்விகள்,ਅਕਸਰ ਪੁੱਛੇ ਜਾਣ ਵਾਲੇ ਪ੍ਰਸ਼ਨ,คำถามที่พบบ่อย,Česta pitanja,ՀՏՀ,Συχνές ερωτήσεις,Lus nug ntau,שאלות נפוצות,សំណួរញឹកញាប់,Chʼíníʼáhózhǫ́,Dagiti kasagutan a naus-usar,FAQs,Nā Nīnau Nīnau,Oft gfrogt Froege,שאלות תדירות,Veelgestelde vragen,Su'aalaha Badanaa,በብዛት የሚጠየቁ ጥያቄዎች,Maswali yanayoulizwa mara kwa mara



